,#,"Country,Other",TotalCases,NewCases,TotalDeaths,NewDeaths,TotalRecovered,NewRecovered,ActiveCases,"Serious,Critical",Tot Cases/1M pop,Deaths/1M pop,TotalTests,Tests/,1M pop,,Population,Continent,1 Caseevery X ppl1 Deathevery X ppl1 Testevery X ppl,New Cases/1M pop,New Deaths/1M pop,Active Cases/1M pop,
,1,USA,"40,330,712",,"659,927 ",,"31,137,936",,"8,532,849","25,598","121,016","1,980","586,680,183","1,760,387","333,267,823 ",North America,85051,,,"25,604",
,2,India,"32,857,937","+1,074","439,559 ",,"32,028,825","+7,728","389,553","8,944","23,540",315,"524,868,734","376,027","1,395,827,756 ",Asia,"423,1763",0.8,,279,
,3,Brazil,"20,804,215",,"581,228 ",,"19,775,873",,"447,114","8,318","97,070","2,712","56,897,224","265,475","214,322,393 ",South America,103694,,,"2,086",
,4,Russia,"6,937,333",,"184,014 ",,"6,199,379",,"553,940","2,300","47,514","1,260","179,100,000","1,226,649","146,007,547 ",Europe,217931,,,"3,794",
,5,UK,"6,825,074",,"132,742 ",,"5,502,108",,"1,190,224","1,014","99,925","1,943","270,870,957","3,965,771","68,302,217 ",Europe,105150,,,"17,426",
,6,France,"6,783,329",,"114,577 ",,"6,284,406",,"384,346","2,270","103,654","1,751","124,769,146","1,906,556","65,442,161 ",Europe,105711,,,"5,873",
,7,Turkey,"6,412,277",,"57,000 ",,"5,852,381",,"502,896",633,"75,088",667,"76,740,334","898,627","85,397,309 ",Asia,"131,4981",,,"5,889",
,8,Argentina,"5,190,948",,"112,005 ",,"4,878,099",,"200,844","2,602","113,638","2,452","22,216,037","486,346","45,679,507 ",South America,94082,,,"4,397",
,9,Iran,"5,025,233",,"108,393 ",,"4,237,315",,"679,525","7,860","58,950","1,272","28,213,229","330,962","85,246,093 ",Asia,177863,,,"7,971",
,10,Colombia,"4,911,082",,"125,016 ",,"4,740,709",,"45,357",542,"95,332","2,427","24,217,542","470,104","51,515,310 ",South America,104122,,,880,
,11,Spain,"4,861,883",,"84,472 ",,"4,381,350",,"396,061","1,518","103,940","1,806","60,618,810","1,295,940","46,775,929 ",Europe,105541,,,"8,467",
,12,Italy,"4,546,487",,"129,290 ",,"4,280,619",,"136,578",540,"75,325","2,142","84,339,436","1,397,321","60,357,964 ",Europe,134671,,,"2,263",
,13,Indonesia,"4,100,138",,"133,676 ",,"3,776,891",,"189,571",,"14,807",483,"32,436,136","117,142","276,896,388 ",Asia,"682,0719",,,685,
,14,Germany,"3,970,033",,"92,757 ",,"3,750,700","+6,100","126,576","1,135","47,208","1,103","68,329,706","812,513","84,096,714 ",Europe,219071,,,"1,505",
,15,Mexico,"3,369,747","+17,337","260,503 ","+1,177","2,715,043","+14,311","394,201","4,798","25,819","1,996","9,803,728","75,117","130,512,404 ",North America,3950113,133,9,"3,020",
,16,Poland,"2,889,036",,"75,358 ",,"2,657,084",,"156,594",55,"76,433","1,994","19,819,235","524,344","37,798,189 ",Europe,135022,,,"4,143",
,17,South Africa,"2,787,203",,"82,496 ",,"2,560,605",,"144,102",546,"46,314","1,371","16,536,206","274,778","60,180,348 ",Africa,227294,,,"2,395",
,18,Ukraine,"2,290,848","+2,477","53,877 ",+44,"2,209,754",+889,"27,217",177,"52,752","1,241","12,031,985","277,065","43,426,647 ",Europe,198064,57,1,627,
,19,Peru,"2,151,010",,"198,329 ",,N/A,N/A,N/A,"1,256","64,196","5,919","16,793,799","501,201","33,507,122 ",South America,161692,,,"6,924",
,20,Philippines,"2,003,955",,"33,533 ",,"1,829,473",,"140,949","3,050","18,008",301,"18,799,732","168,939","111,280,999 ",Asia,"563,3196",,,"1,267",
,21,Netherlands,"1,943,882",,"18,012 ",,"1,851,897",,"73,973",206,"113,154","1,048","16,593,808","965,928","17,179,142 ",Europe,99541,,,"4,306",
,22,Iraq,"1,895,459",,"20,878 ",,"1,741,493",,"133,088",932,"45,925",506,"14,393,597","348,745","41,272,603 ",Asia,"221,9773",,,"3,225",
,23,Malaysia,"1,765,016",,"16,942 ",,"1,482,800",,"265,274","1,007","53,731",516,"22,843,267","695,394","32,849,371 ",Asia,"191,9391",,,"8,075",
,24,Czechia,"1,679,476",,"30,404 ",,"1,647,148",,"1,924",9,"156,490","2,833","36,018,150","3,356,089","10,732,180 ",Europe,63530,,,179,
,25,Chile,"1,639,123",,"36,945 ",,"1,596,357",,"5,821",657,"84,895","1,913","20,318,662","1,052,365","19,307,615 ",South America,125231,,,301,
,26,Bangladesh,"1,503,680",,"26,274 ",,"1,431,984",,"45,422","1,452","9,026",158,"8,958,639","53,772","166,602,888 ",Asia,"1116,34119",,,273,
,27,Canada,"1,503,019",,"26,962 ",,"1,443,808",,"32,249",405,"39,420",707,"40,605,632","1,064,978","38,128,158 ",North America,"251,4141",,,846,
,28,Japan,"1,486,153",,"16,041 ",,"1,254,710",,"215,402","2,092","11,793",127,"21,885,440","173,661","126,024,055 ",Asia,"857,8566",,,"1,709",
,29,Thailand,"1,234,487","+14,956","12,103 ",+262,"1,058,704","+17,936","163,680","5,174","17,634",173,"8,129,670","116,131","70,004,480 ",Asia,"575,7849",214,4,"2,338",
,30,Belgium,"1,184,664",,"25,380 ",,"1,102,280",,"57,004",200,"101,701","2,179","18,690,579","1,604,548","11,648,500 ",Europe,104591,,,"4,894",
,31,Pakistan,"1,167,791","+4,103","25,978 ",+89,"1,048,872","+4,974","92,941","4,717","5,170",115,"17,871,620","79,118","225,885,525 ",Asia,"1938,69513",18,0.4,411,
,32,Sweden,"1,127,917",,"14,651 ",,"1,087,247",,"26,019",46,"110,876","1,440","11,757,024","1,155,737","10,172,752 ",Europe,96941,,,"2,558",
,33,Romania,"1,100,208",,"34,591 ",,"1,055,892",,"9,725",293,"57,640","1,812","11,537,894","604,468","19,087,675 ",Europe,175522,,,509,
,34,Israel,"1,082,981",,"7,086 ",,"989,507",,"86,388",675,"116,125",760,"19,256,766","2,064,847","9,326,000 ",Asia,"91,3160",,,"9,263",
,35,Portugal,"1,039,492",,"17,757 ",,"978,462",,"43,273",131,"102,292","1,747","17,054,320","1,678,249","10,161,970 ",Europe,105721,,,"4,258",
,36,Morocco,"866,968",,"12,749 ",,"800,664",,"53,555","1,124","23,168",341,"9,019,647","241,034","37,420,609 ",Africa,"432,9354",,,"1,431",
,37,Hungary,"812,531",,"30,059 ",,"777,646",,"4,826",13,"84,360","3,121","6,584,218","683,599","9,631,691 ",Europe,123201,,,501,
,38,Kazakhstan,"798,671","+4,880","9,495 ",+93,"691,480","+10,644","97,696",221,"41,950",499,"11,575,012","607,978","19,038,545 ",Asia,"242,0052",256,5,"5,131",
,39,Jordan,"798,091",,"10,422 ",,"776,163",,"11,506",574,"77,325","1,010","9,287,040","899,797","10,321,263 ",Asia,139901,,,"1,115",
,40,Switzerland,"782,861",,"10,998 ",,"706,721",,"65,142",258,"89,691","1,260","9,799,734","1,122,732","8,728,468 ",Europe,117941,,,"7,463",
,41,Serbia,"766,279",,"7,307 ",,"722,930",,"36,042",87,"88,116",840,"5,042,425","579,839","8,696,243 ",Europe,"111,1902",,,"4,145",
,42,Nepal,"764,295",,"10,770 ",,"719,336",,"34,189",,"25,693",362,"3,925,758","131,971","29,747,058 ",Asia,"392,7628",,,"1,149",
,43,UAE,"719,355",,"2,043 ",,"706,644",,"10,668",,"71,722",204,"75,035,930","7,481,365","10,029,711 ",Asia,"144,9090",,,"1,064",
,44,Austria,"690,153",,"10,775 ",,"663,461",,"15,917",142,"76,122","1,188","76,859,312","8,477,406","9,066,371 ",Europe,138410,,,"1,756",
,45,Tunisia,"666,168",,"23,538 ",,"618,115",,"24,515",507,"55,686","1,968","2,605,268","217,780","11,962,830 ",Africa,185085,,,"2,049",
,46,Cuba,"659,464",,"5,377 ",,"620,157",,"33,930",440,"58,264",475,"7,985,117","705,490","11,318,540 ",North America,"172,1051",,,"2,998",
,47,Lebanon,"603,288",,"8,061 ",,"555,063",,"40,164",54,"88,853","1,187","4,759,054","700,920","6,789,724 ",Asia,118421,,,"5,915",
,48,Greece,"590,832",,"13,669 ",,"540,433",,"36,730",346,"57,011","1,319","15,628,356","1,508,012","10,363,552 ",Europe,187581,,,"3,544",
,49,Georgia,"553,697",,"7,482 ",,"497,517",,"48,698",,"139,112","1,880","8,090,420","2,032,656","3,980,221 ",Asia,75320,,,"12,235",
,50,Saudi Arabia,"544,634",,"8,552 ",,"533,151",,"2,931",867,"15,365",241,"27,505,312","775,988","35,445,521 ",Asia,"654,1451",,,83,
,51,Ecuador,"502,146",,"32,296 ",,"443,880",,"25,970",759,"27,967","1,799","1,772,699","98,729","17,955,197 ",South America,3655610,,,"1,446",
,52,Bolivia,"491,340",+461,"18,473 ",+21,"436,496",+792,"36,371",220,"41,433","1,558","2,295,783","193,597","11,858,596 ",South America,246425,39,2,"3,067",
,53,Belarus,"483,231",,"3,791 ",,"475,898",,"3,542",,"51,159",401,"7,817,642","827,641","9,445,692 ",Europe,"202,4921",,,375,
,54,Guatemala,"475,548",,"12,007 ",,"412,698",,"50,843",5,"25,984",656,"2,210,997","120,810","18,301,445 ",North America,"381,5248",,,"2,778",
,55,Vietnam,"473,530",,"11,868 ",,"248,722",,"212,940",,"4,814",121,"16,083,797","163,519","98,360,149 ",Asia,"2088,2886",,,"2,165",
,56,Costa Rica,"466,574",,"5,523 ",,"374,630",,"86,421",456,"90,625","1,073","2,006,420","389,719","5,148,375 ",North America,119323,,,"16,786",
,57,Paraguay,"458,614",,"15,785 ",,"437,598",,"5,231",94,"63,391","2,182","1,778,698","245,857","7,234,673 ",South America,164584,,,723,
,58,Panama,"458,157",,"7,066 ",,"443,737",,"7,354",108,"104,271","1,608","3,677,348","836,922","4,393,896 ",North America,106221,,,"1,674",
,59,Bulgaria,"457,487",,"18,950 ",,"406,345",,"32,192",332,"66,425","2,751","4,250,708","617,181","6,887,295 ",Europe,153632,,,"4,674",
,60,Sri Lanka,"444,130",,"9,400 ",,"376,216",,"58,514",,"20,640",437,"4,855,036","225,626","21,518,054 ",Asia,"482,2894",,,"2,719",
,61,Azerbaijan,"428,736",,"5,677 ",,"370,002",,"53,057",,"41,845",554,"4,481,039","437,355","10,245,775 ",Asia,"241,8052",,,"5,178",
,62,Kuwait,"409,961",,"2,420 ",,"405,320",,"2,221",84,"94,371",557,"3,799,124","874,536","4,344,162 ",Asia,"111,7951",,,511,
,63,Myanmar,"402,640",,"15,490 ",,"353,811",,"33,339",,"7,343",282,"3,653,562","66,628","54,835,418 ",Asia,"1363,54015",,,608,
,64,Slovakia,"395,122",,"12,548 ",,"381,174",,"1,400",14,"72,330","2,297","3,325,957","608,845","5,462,731 ",Europe,144352,,,256,
,65,Uruguay,"385,078",,"6,034 ",,"377,868",,"1,176",13,"110,408","1,730","3,353,058","961,372","3,487,784 ",South America,95781,,,337,
,66,Croatia,"374,803",,"8,338 ",,"362,833",,"3,632",59,"91,961","2,046","2,554,090","626,667","4,075,675 ",Europe,114892,,,891,
,67,Ireland,"354,236",,"5,112 ",,"298,314",,"50,810",56,"70,817","1,022","6,415,912","1,282,644","5,002,098 ",Europe,149791,,,"10,158",
,68,Dominican Republic,"350,468",,"4,008 ",,"341,351",,"5,109",138,"31,934",365,"1,958,308","178,437","10,974,775 ",North America,"312,7386",,,466,
,69,Denmark,"346,518",,"2,584 ",,"331,499",,"12,435",25,"59,580",444,"81,221,077","13,965,074","5,816,015 ",Europe,"172,2510",,,"2,138",
,70,Palestine,"344,957",,"3,688 ",,"319,135",,"22,134",50,"65,840",704,"2,196,916","419,310","5,239,362 ",Asia,"151,4212",,,"4,225",
,71,Honduras,"341,518","+1,677","8,974 ",+42,"107,461",+178,"225,083",615,"33,853",890,"985,214","97,661","10,088,121 ",North America,"301,12410",166,4,"22,312",
,72,Venezuela,"336,088",,"4,039 ",,"320,400",,"11,649",681,"11,858",143,"3,359,014","118,518","28,341,800 ",South America,"847,0178",,,411,
,73,Libya,"310,637",,"4,263 ",,"222,420",,"83,954",,"44,503",611,"1,529,310","219,093","6,980,190 ",Africa,"221,6375",,,"12,027",
,74,Ethiopia,"309,351",,"4,692 ",,"278,062",,"26,597",620,"2,616",40,"3,246,694","27,450","118,275,094 ",Africa,"38225,20836",,,225,
,75,Oman,"302,393",,"4,068 ",,"292,038",,"6,287",52,"57,515",774,"1,550,000","294,809","5,257,635 ",Asia,"171,2923",,,"1,196",
,76,Lithuania,"299,532",,"4,569 ",,"281,207",,"13,756",106,"111,855","1,706","4,438,914","1,657,640","2,677,851 ",Europe,95861,,,"5,137",
,77,Egypt,"288,732",,"16,743 ",,"239,886",,"32,103",90,"2,761",160,"3,068,679","29,342","104,581,599 ",Africa,"3626,24634",,,307,
,78,Bahrain,"272,635",,"1,388 ",,"270,296",,951,1,"154,012",784,"5,951,437","3,361,985","1,770,215 ",Asia,"61,2750",,,537,
,79,Moldova,"268,105",,"6,406 ",,"257,672",,"4,027",127,"66,643","1,592","1,576,940","391,980","4,023,009 ",Europe,156283,,,"1,001",
,80,Slovenia,"267,962",,"4,450 ",,"257,752",,"5,760",19,"128,873","2,140","1,450,905","697,795","2,079,272 ",Europe,84671,,,"2,770",
,81,S. Korea,"255,401","+1,956","2,303 ",+11,"226,222","+1,903","26,876",409,"4,977",45,"13,223,515","257,664","51,320,715 ",Asia,"20122,2844",38,0.2,524,
,82,Armenia,"242,750",,"4,857 ",,"227,293",,"10,600",,"81,742","1,636","1,547,898","521,229","2,969,710 ",Asia,126112,,,"3,569",
,83,Kenya,"236,881",,"4,739 ",,"224,270",,"7,872",149,"4,295",86,"2,380,918","43,172","55,149,424 ",Africa,"23311,63723",,,143,
,84,Qatar,"232,910",,602 ,,"229,763",,"2,545",24,"82,951",214,"2,509,828","893,875","2,807,805 ",Asia,"124,6641",,,906,
,85,Mongolia,"221,351","+3,805",948 ,+4,"195,676","+2,570","24,727",192,"66,277",284,"3,647,780","1,092,219","3,339,789 ",Asia,"153,5231","1,139",1,"7,404",
,86,Bosnia and Herzegovina,"214,759",,"9,815 ",,"192,218",,"12,726",,"65,938","3,014","1,141,029","350,335","3,256,965 ",Europe,153323,,,"3,907",
,87,Zambia,"206,522",,"3,605 ",,"201,227",,"1,690",106,"10,880",190,"2,283,007","120,270","18,982,281 ",Africa,"925,2668",,,89,
,88,Algeria,"196,527",,"5,302 ",,"133,739",,"57,486",35,"4,389",118,"230,861","5,156","44,773,107 ",Africa,"2288,445194",,,"1,284",
,89,Nigeria,"193,013",,"2,480 ",,"179,000",,"11,533",11,910,12,"2,779,725","13,107","212,080,980 ",Africa,"1,09985,51776",,,54,
,90,North Macedonia,"177,399",,"5,964 ",,"156,650",,"14,785",,"85,154","2,863","1,164,177","558,821","2,083,274 ",Europe,123492,,,"7,097",
,91,Kyrgyzstan,"176,018",+142,"2,536 ",+4,"170,169",+102,"3,313",131,"26,471",381,"1,648,161","247,860","6,649,575 ",Asia,"382,6224",21,0.6,498,
,92,Norway,"161,814",,822 ,,"88,952",,"72,040",13,"29,578",150,"7,237,714","1,322,997","5,470,696 ",Europe,"346,6551",,,"13,168",
,93,Uzbekistan,"157,872",+736,"1,093 ",+5,"149,767",+494,"7,012",23,"4,639",32,"1,377,915","40,486","34,034,428 ",Asia,"21631,13925",22,0.1,206,
,94,Botswana,"156,927",,"2,261 ",,"148,519",,"6,147",1,"65,199",939,"1,645,029","683,465","2,406,894 ",Africa,"151,0651",,,"2,554",
,95,Afghanistan,"153,306",,"7,127 ",,"110,813",,"35,366","1,124","3,838",178,"751,978","18,824","39,948,324 ",Asia,"2615,60553",,,885,
,96,Albania,"147,369",,"2,501 ",,"134,276",,"10,592",3,"51,274",870,"1,059,689","368,700","2,874,126 ",Europe,"201,1493",,,"3,685",
,97,Mozambique,"146,754",,"1,866 ",,"134,400",,"10,488",32,"4,547",58,"853,959","26,460","32,273,067 ",Africa,"22017,29538",,,325,
,98,Latvia,"143,106",,"2,579 ",,"137,939",,"2,588",18,"76,864","1,385","3,573,273","1,919,248","1,861,809 ",Europe,137221,,,"1,390",
,99,Estonia,"142,363",,"1,293 ",,"134,004",,"7,066",15,"107,235",974,"1,758,146","1,324,327","1,327,577 ",Europe,"91,0271",,,"5,322",
,100,Finland,"127,861",,"1,030 ",,"46,000",,"80,831",21,"23,035",186,"6,595,400","1,188,195","5,550,771 ",Europe,"435,3891",,,"14,562",
,101,Namibia,"125,136",,"3,386 ",,"119,448",,"2,302",24,"48,231","1,305","661,329","254,898","2,594,488 ",Africa,217664,,,887,
,102,Zimbabwe,"124,960",,"4,438 ",,"113,527",,"6,995",12,"8,267",294,"1,274,638","84,329","15,115,041 ",Africa,"1213,40612",,,463,
,103,Uganda,"120,075",,"3,023 ",,"95,578",,"21,474",449,"2,532",64,"1,583,298","33,390","47,418,518 ",Africa,"39515,68630",,,453,
,104,Ghana,"119,436",,"1,036 ",,"111,249",,"7,151",54,"3,753",33,"1,598,732","50,231","31,827,801 ",Africa,"26630,72220",,,225,
,105,Montenegro,"115,956",,"1,732 ",,"105,887",,"8,337",11,"184,597","2,757","623,681","992,871","628,159 ",Europe,53631,,,"13,272",
,106,Cyprus,"114,131",,507 ,,"90,755",,"22,869",58,"93,733",416,"9,366,973","7,692,892","1,217,614 ",Asia,"112,4020",,,"18,782",
,107,El Salvador,"96,067",,"2,926 ",,"81,339",,"11,802",133,"14,724",448,"1,221,446","187,212","6,524,404 ",North America,"682,2305",,,"1,809",
,108,Cambodia,"93,926",+416,"1,928 ",+12,"89,500",+386,"2,498",,"5,529",113,"2,116,688","124,594","16,988,620 ",Asia,"1818,8128",24,0.7,147,
,109,Rwanda,"88,197",,"1,097 ",,"45,313",,"41,787",33,"6,619",82,"2,461,586","184,726","13,325,584 ",Africa,"15112,1475",,,"3,136",
,110,Cameroon,"84,210",,"1,357 ",,"80,433",,"2,420",152,"3,083",50,"1,751,774","64,134","27,314,264 ",Africa,"32420,12816",,,89,
,111,Maldives,"81,301",,226 ,,"79,268",,"1,807",18,"147,383",410,"1,351,647","2,450,274","551,631 ",Asia,"72,4410",,,"3,276",
,112,Luxembourg,"75,904",,830 ,,"74,021",,"1,053",7,"119,001","1,301","3,423,446","5,367,240","637,841 ",Europe,87680,,,"1,651",
,113,Senegal,"72,920",,"1,774 ",,"62,414",,"8,732",35,"4,226",103,"743,080","43,060","17,256,873 ",Africa,"2379,72823",,,506,
,114,Jamaica,"68,482",,"1,549 ",,"48,402",,"18,531",40,"23,009",520,"549,295","184,559","2,976,254 ",North America,"431,9215",,,"6,226",
,115,Singapore,"67,800",,55 ,,"66,222",,"1,523",5,"11,484",9,"17,773,017","3,010,325","5,904,020 ",Asia,"87107,3460",,,258,
,116,Malawi,"60,583",,"2,185 ",,"48,186",,"10,212",285,"3,075",111,"387,730","19,677","19,704,669 ",Africa,"3259,01851",,,518,
,117,Australia,"56,559","+1,466","1,019 ",+7,"33,571",,"21,969",125,"2,188",39,"31,997,196","1,238,050","25,844,833 ",Australia/Oceania,"45725,3631",57,0.3,850,
,118,Ivory Coast,"56,148",,445 ,,"54,002",,"1,701",,"2,069",16,"888,751","32,749","27,137,874 ",Africa,"48360,98431",,,63,
,119,DRC,"55,146",,"1,059 ",,"30,858",,"23,229",,595,11,"306,299","3,303","92,724,124 ",Africa,"1,68187,558303",,,251,
,120,Réunion,"50,346",,342 ,,"47,752",,"2,252",33,"55,769",379,"173,764","192,479","902,767 ",Africa,"182,6405",,,"2,495",
,121,Guadeloupe,"49,381",,539 ,,"2,250",,"46,592",23,"123,390","1,347","398,899","996,739","400,204 ",North America,87421,,,"116,421",
,122,Angola,"47,781",,"1,227 ",,"43,569",,"2,985",8,"1,403",36,"830,836","24,398","34,053,628 ",Africa,"71327,75441",,,88,
,123,Fiji,"47,006",,504 ,,"29,067",,"17,435",39,"51,996",558,"376,247","416,191","904,024 ",Australia/Oceania,"191,7942",,,"19,286",
,124,Trinidad and Tobago,"44,957",,"1,302 ",,"39,432",,"4,223",22,"32,003",927,"312,652","222,563","1,404,779 ",North America,"311,0794",,,"3,006",
,125,Eswatini,"43,626",,"1,112 ",,"35,541",,"6,973",10,"37,155",947,"318,610","271,349","1,174,172 ",Africa,"271,0564",,,"5,939",
,126,Madagascar,"42,873",,956 ,,"41,298",,619,8,"1,503",34,"243,994","8,556","28,518,692 ",Africa,"66529,831117",,,22,
,127,French Polynesia,"40,178",,446 ,,"33,500",,"6,232",61,"142,071","1,577","26,355","93,192","282,803 ",Australia/Oceania,763411,,,"22,037",
,128,Sudan,"37,715",,"2,837 ",,"31,675",,"3,203",,837,63,"238,579","5,297","45,040,177 ",Africa,"1,19415,876189",,,71,
,129,Martinique,"37,192",,442 ,,104,,"36,646",1,"99,199","1,179","335,215","894,085","374,925 ",North America,108481,,,"97,742",
,130,Malta,"36,247",,441 ,,"34,727",,"1,079",1,"81,837",996,"1,194,358","2,696,579","442,916 ",Europe,"121,0040",,,"2,436",
,131,Cabo Verde,"35,506",,314 ,,"34,344",,848,23,"63,063",558,"208,220","369,822","563,028 ",Africa,"161,7933",,,"1,506",
,132,French Guiana,"35,309",,220 ,,"9,995",,"25,094",26,"114,758",715,"365,200","1,186,936","307,683 ",South America,"91,3991",,,"81,558",
,133,Mauritania,"33,725",,717 ,,"30,765",,"2,243",16,"7,038",150,"446,383","93,157","4,791,739 ",Africa,"1426,68311",,,468,
,134,Suriname,"29,599",,725 ,,"24,447",,"4,427",15,"49,934","1,223","104,725","176,673","592,763 ",South America,208186,,,"7,468",
,135,Guinea,"29,541",,338  ,,"27,357",,"1,846",24,"2,181",25,"536,982","39,639","13,546,842 ",Africa,"45940,07925",,,136,
,136,Syria,"28,045",,"2,018 ",,"22,491",,"3,536",,"1,558",112,"103,566","5,755","17,995,086 ",Asia,"6428,917174",,,196,
,137,Gabon,"25,888",,166 ,,"25,625",,97,11,"11,321",73,"1,085,170","474,532","2,286,821 ",Africa,"8813,7762",,,42,
,138,Guyana,"25,770",,624 ,,"23,196",,"1,950",34,"32,580",789,"269,961","341,299","790,982 ",South America,"311,2683",,,"2,465",
,139,Togo,"21,561",,185 ,,"16,926",,"4,450",,"2,535",22,"464,241","54,588","8,504,420 ",Africa,"39445,97018",,,523,
,140,Haiti,"20,916",,586 ,,"18,040",,"2,290",,"1,809",51,"107,702","9,313","11,564,573 ",North America,"55319,735107",,,198,
,141,Seychelles,"19,976",,104 ,,"19,362",,510,,"201,660","1,050","21,504","217,085","99,058 ",Africa,59525,,,"5,148",
,142,Mayotte,"19,827",,175 ,,"2,964",,"16,688",1,"70,692",624,"176,919","630,792","280,471 ",Africa,"141,6032",,,"59,500",
,143,Bahamas,"18,139",,381 ,,"14,665",,"3,093",15,"45,618",958,"133,155","334,875","397,626 ",North America,"221,0443",,,"7,779",
,144,Papua New Guinea,"17,926",,192 ,,"17,547",,187,7,"1,960",21,"150,870","16,499","9,144,343 ",Australia/Oceania,"51047,62761",,,20,
,145,Somalia,"17,466",,977 ,,"8,531",,"7,958",,"1,064",60,"200,481","12,218","16,408,526 ",Africa,"93916,79582",,,485,
,146,Timor-Leste,"16,941",,72 ,,"12,363",,"4,506",,"12,570",53,"169,501","125,772","1,347,681 ",Asia,"8018,7188",,,"3,344",
,147,Tajikistan,"16,852",,124 ,,"16,698",,30,,"1,722",13,,,"9,786,878 ",Asia,"58178,926",,,3,
,148,Belize,"16,493",,362 ,,"14,978",,"1,153",3,"40,620",892,"223,277","549,899","406,033 ",North America,"251,1222",,,"2,840",
,149,Taiwan,"16,006",+5,837 ,+1,"14,960",,209,,671,35,"5,003,243","209,629","23,867,112 ",Asia,"1,49128,5155",0.2,0.04,9,
,150,Benin,"15,932",,131 ,,"11,098",,"4,703",5,"1,275",10,"604,310","48,374","12,492,355 ",Africa,"78495,36121",,,376,
,151,Curaçao,"15,338",,145 ,,"14,805",,388,4,"93,027",879,"239,935","1,455,245","164,876 ",North America,"111,1371",,,"2,353",
,152,Laos,"15,289",,14 ,,"5,418",,"9,857",,"2,066",2,"381,173","51,520","7,398,583 ",Asia,"484528,47019",,,"1,332",
,153,Andorra,"15,046",,130 ,,"14,862",,54,7,"194,370","1,679","193,595","2,500,937","77,409 ",Europe,55950,,,698,
,154,Mali,"14,895",,539 ,,"14,111",,245,,712,26,"384,087","18,352","20,928,569 ",Africa,"1,40538,82954",,,12,
,155,Aruba,"14,662",,146 ,,"13,888",,628,14,"136,651","1,361","177,885","1,657,906","107,295 ",North America,77351,,,"5,853",
,156,Lesotho,"14,395",,403 ,,"6,830",,"7,162",,"6,658",186,"146,630","67,820","2,162,061 ",Africa,"1505,36515",,,"3,313",
,157,Burkina Faso,"13,777",,171 ,,"13,535",,71,,639,8,"211,719","9,816","21,569,463 ",Africa,"1,566126,137102",,,3,
,158,Congo,"13,588",,183 ,,"12,421",,984,,"2,394",32,"188,207","33,158","5,676,037 ",Africa,"41831,01730",,,173,
,159,Burundi,"12,585",,38 ,,773,,"11,774",,"1,023",3,"345,742","28,104","12,302,190 ",Africa,"978323,74236",,,957,
,160,Hong Kong,"12,114",,212 ,,"11,798",,104,,"1,601",28,"23,570,776","3,114,558","7,567,937 ",Asia,"62535,6980",,,14,
,161,Djibouti,"11,757",,157 ,,"11,554",,46,,"11,702",156,"207,114","206,137","1,004,742 ",Africa,"856,4005",,,46,
,162,Nicaragua,"11,735",,200 ,,"4,225",,"7,310",,"1,747",30,,,"6,716,440 ",North America,"57233,582",,,"1,088",
,163,South Sudan,"11,446",,120 ,,"10,948",,378,,"1,009",11,"212,924","18,765","11,346,729 ",Africa,"99194,55653",,,33,
,164,CAR,"11,296",,100 ,,"6,859",,"4,337",2,"2,292",20,"60,228","12,223","4,927,564 ",Africa,"43649,27682",,,880,
,165,Iceland,"10,856",,33 ,,"10,003",,820,10,"31,574",96,"980,362","2,851,323","343,827 ",Europe,"3210,4190",,,"2,385",
,166,Mauritius,"10,676",,31 ,,"1,854",,"8,791",,"8,378",24,"358,675","281,483","1,274,232 ",Africa,"11941,1044",,,"6,899",
,167,Channel Islands,"10,649",,95 ,,"10,147",,407,,"60,598",541,"829,028","4,717,570","175,732 ",Europe,"171,8500",,,"2,316",
,168,Gambia,"9,715",,322 ,,"9,315",,78,3,"3,893",129,"101,817","40,799","2,495,567 ",Africa,"2577,75025",,,31,
,169,Equatorial Guinea,"9,477",,126 ,,"8,879",,472,1,"6,507",87,"195,087","133,943","1,456,498 ",Africa,"15411,5607",,,324,
,170,Saint Lucia,"8,322",,106 ,,"6,224",,"1,992",4,"45,080",574,"69,698","377,548","184,607 ",North America,"221,7423",,,"10,790",
,171,Yemen,"7,900",,"1,480 ",,"4,871",,"1,549",23,258,48,"256,937","8,399","30,590,284 ",Asia,"3,87220,669119",,,51,
,172,Isle of Man,"6,694",,38 ,,"6,338",,318,1,"78,239",444,"83,753","978,903","85,558 ",Europe,"132,2521",,,"3,717",
,173,Eritrea,"6,642",,38 ,,"6,590",,14,,"1,843",11,"23,693","6,575","3,603,623 ",Africa,"54394,832152",,,4,
,174,Sierra Leone,"6,368",,121 ,,"4,361",,"1,886",,780,15,"160,729","19,683","8,165,794 ",Africa,"1,28267,48651",,,231,
,175,Niger,"5,857",,199 ,,"5,544",,114,,232,8,"143,644","5,695","25,223,246 ",Africa,"4,307126,750176",,,5,
,176,Guinea-Bissau,"5,829",,120 ,,"4,844",,865,4,"2,883",59,"92,056","45,525","2,022,103 ",Africa,"34716,85122",,,428,
,177,Liberia,"5,459",,148 ,,"2,715",,"2,596",2,"1,051",28,"128,246","24,682","5,195,954 ",Africa,"95235,10841",,,500,
,178,Gibraltar,"5,367",,97 ,,"5,169",,101,1,"159,357","2,880","337,886","10,032,543","33,679 ",Europe,63470,,,"2,999",
,179,San Marino,"5,321",,90 ,,"5,150",,81,1,"156,436","2,646","75,461","2,218,528","34,014 ",Europe,63780,,,"2,381",
,180,Barbados,"5,072",,51 ,,"4,652",,369,,"17,624",177,"264,023","917,428","287,786 ",North America,"575,6431",,,"1,282",
,181,Chad,"4,994",,174 ,,"4,812",,8,,294,10,"139,667","8,229","16,973,539 ",Africa,"3,39997,549122",,,0.5,
,182,Comoros,"4,072",,147 ,,"3,901",,24,,"4,569",165,,,"891,157 ",Africa,"2196,062",,,27,
,183,Sint Maarten,"3,746",,53 ,,"3,428",,265,14,"86,226","1,220","41,509","955,460","43,444 ",North America,128201,,,"6,100",
,184,New Zealand,"3,697",+52,26 ,,"2,901",+6,770,5,739,5,"3,024,268","604,600","5,002,100 ",Australia/Oceania,"1,353192,3882",10,,154,
,185,Liechtenstein,"3,278",,59 ,,"3,181",,38,3,"85,686","1,542","49,126","1,284,138","38,256 ",Europe,126481,,,993,
,186,Saint Martin,"3,273",,42 ,,"1,399",,"1,832",7,"82,999","1,065","54,303","1,377,060","39,434 ",North America,129391,,,"46,457",
,187,Monaco,"3,211",,33 ,,"3,096",,82,6,"81,153",834,"54,960","1,389,036","39,567 ",Europe,"121,1991",,,"2,072",
,188,Bermuda,"2,923",,34 ,,"2,684",,205,1,"47,138",548,"465,071","7,500,056","62,009 ",North America,"211,8240",,,"3,306",
,189,Brunei ,"2,858",,11 ,,"1,053",,"1,794",28,"6,461",25,"235,286","531,882","442,365 ",Asia,"15540,2152",,,"4,055",
,190,Turks and Caicos,"2,653",,20 ,,"2,563",,70,1,"67,460",509,"94,789","2,410,278","39,327 ",North America,"151,9660",,,"1,780",
,191,Sao Tome and Principe,"2,627",,37 ,,"2,432",,158,,"11,733",165,"14,689","65,606","223,898 ",Africa,"856,05115",,,706,
,192,Bhutan,"2,596",,3 ,,"2,571",,22,,"3,322",4,"798,573","1,021,827","781,515 ",Asia,"301260,5051",,,28,
,193,British Virgin Islands,"2,568",,37 ,,"2,500",,31,7,"84,291","1,214","77,252","2,535,679","30,466 ",North America,128230,,,"1,018",
,194,St. Vincent Grenadines,"2,348",,12 ,,"2,304",,32,2,"21,086",108,"67,402","605,311","111,351 ",North America,"479,2792",,,287,
,195,Caribbean Netherlands,"1,793",,17 ,,"1,754",,22,,"67,643",641,"20,707","781,190","26,507 ",North America,"151,5591",,,830,
,196,Antigua and Barbuda,"1,719",,44 ,,"1,349",,326,9,"17,386",445,"17,409","176,071","98,875 ",North America,"582,2476",,,"3,297",
,197,Dominica,"1,638",,4 ,,996,,638,,"22,689",55,"47,723","661,029","72,195 ",North America,"4418,0492",,,"8,837",
,198,St. Barth,"1,520",,2 ,,462,,"1,056",,"153,349",202,"38,369","3,870,964","9,912 ",North America,"74,9560",,,"106,538",
,199,Tanzania,"1,367",,50 ,,183,,"1,134",7,22,0.8,,,"61,711,296 ",Africa,"45,1441,234,226",,,18,
,200,Saint Kitts and Nevis,"1,121",,3 ,,643,,475,1,"20,899",56,"29,973","558,802","53,638 ",North America,"4817,8792",,,"8,856",
,201,Faeroe Islands,"1,001",,2 ,,993,,6,,"20,395",41,"409,000","8,333,333","49,080 ",Europe,"4924,5400",,,122,
,202,Diamond Princess,712,,13 ,,699,,0,,,,,, ,,,,,,
,203,Cayman Islands,688,,2  ,,668,,18,,"10,327",30,"127,799","1,918,270","66,622 ",North America,"9733,3111",,,270,
,204,Grenada,664,,3 ,,212,,449,,"5,869",27,"60,342","533,377","113,132 ",North America,"17037,7112",,,"3,969",
,205,Wallis and Futuna,445,,7 ,,438,,0,,"40,421",636,"20,508","1,862,839","11,009 ",Australia/Oceania,"251,5731",,,,
,206,Greenland,343,, ,,296,,47,2,"6,030",,"57,192","1,005,397","56,885 ",North America,1661,,,826,
,207,Anguilla,256,+39, ,,208,+29,48,,"16,888",,"38,936","2,568,507","15,159 ",North America,590,"2,573",,"3,166",
,208,New Caledonia,136,, ,,58,,78,,471,,"41,120","142,432","288,699 ",Australia/Oceania,"2,1237",,,270,
,209,Falkland Islands,67,, ,,63,,4,,"18,621",,"7,531","2,093,107","3,598 ",South America,540,,,"1,112",
,210,Macao,63,, ,,60,,3,,96,,"4,778","7,243","659,651 ",Asia,"10,471138",,,5,
,211,Saint Pierre Miquelon,30,, ,,30,,0,,"5,207",,"7,800","1,353,932","5,761 ",North America,1921,,,,
,212,Montserrat,29,,1 ,,22,,6,,"5,805",200,"1,408","281,825","4,996 ",North America,"1724,9964",,,"1,201",
,213,Vatican City,27,, ,,27,,0,,"33,624",,,,803 ,Europe,30,,,,
,214,Solomon Islands,20,, ,,20,,0,,28,,"4,500","6,370","706,473 ",Australia/Oceania,"35,324157",,,,
,215,Western Sahara,10,,1 ,,8,,1,,16,2,,,"614,418 ",Africa,"61,442614,418",,,2,
,216,MS Zaandam,9,,2 ,,7,,0,,,,,, ,,,,,,
,217,Vanuatu,4,,1 ,,3,,0,,13,3,"23,000","72,902","315,494 ",Australia/Oceania,"78,874315,49414",,,,
,218,Marshall Islands,4,, ,,4,,0,,67,,,,"59,656 ",Australia/Oceania,"14,914",,,,
,219,Samoa,3,, ,,3,,0,,15,,,,"199,952 ",Australia/Oceania,"66,651",,,,
,220,Palau,2,, ,,,,2,,110,,"8,221","451,827","18,195 ",Australia/Oceania,"9,0982",,,110,
,221,Saint Helena,2,, ,,2,,0,,328,,,,"6,098 ",Africa,"3,049",,,,
,222,Micronesia,1,, ,,1,,0,,9,,,,"116,429 ",Australia/Oceania,"116,429",,,,
,223,China,"94,926",+28,"4,636 ",,"89,313",+73,977,3,66,3,"160,000,000","111,163","1,439,323,776 ",Asia,"15,163310,4679",0.02,,0.7,
